[
    {
        "alias": "aq",
        "armOrientation": "right",
        "coordinate": [
            142.79017639160156,
            268.48760986328125,
            186.36489868164062,
            -83.78607940673828,
            0,
            0
        ],
        "joint": [
            21.48000144958496,
            81.02906036376953,
            186.36459350585938,
            -186.2945556640625,
            0,
            0
        ],
        "load": 0,
        "name": "P1",
        "tool": 0,
        "user": 0
    },
    {
        "alias": "code1",
        "armOrientation": "right",
        "coordinate": [
            48.06546401977539,
            289.354736328125,
            137.16506958007812,
            -62.88999557495117,
            0,
            0
        ],
        "joint": [
            37.732295989990234,
            85.67262268066406,
            137.1649169921875,
            -186.2945556640625,
            0,
            0
        ],
        "load": 0,
        "name": "P2",
        "tool": 0,
        "user": 0
    },
    {
        "alias": "code2",
        "armOrientation": "right",
        "coordinate": [
            48.541343688964844,
            247.94776916503906,
            136.49124145507812,
            -56.54328155517578,
            0,
            0
        ],
        "joint": [
            28.09418296813965,
            101.6580581665039,
            136.49124145507812,
            -186.29547119140625,
            0,
            0
        ],
        "load": 0,
        "name": "P3",
        "tool": 0,
        "user": 0
    },
    {
        "alias": "code3",
        "armOrientation": "right",
        "coordinate": [
            47.633846282958984,
            208.6230010986328,
            136.49119567871094,
            -51.498985290527344,
            0,
            0
        ],
        "load": 0,
        "name": "P4",
        "tool": 0,
        "user": 0
    },
    {
        "alias": "code4",
        "armOrientation": "right",
        "coordinate": [
            9.38585090637207,
            209.69520568847656,
            136.49119567871094,
            -40.50935745239258,
            0,
            0
        ],
        "load": 0,
        "name": "P5",
        "tool": 0,
        "user": 0
    },
    {
        "alias": "code5",
        "armOrientation": "right",
        "coordinate": [
            10.293863296508789,
            250.16397094726562,
            136.49119567871094,
            -47.401710510253906,
            0,
            0
        ],
        "load": 0,
        "name": "P6",
        "tool": 0,
        "user": 0
    },
    {
        "alias": "code6",
        "armOrientation": "right",
        "coordinate": [
            8.620532989501953,
            290.5203552246094,
            136.49119567871094,
            -54.59770202636719,
            0,
            0
        ],
        "load": 0,
        "name": "P7",
        "tool": 0,
        "user": 0
    },
    {
        "alias": "fz",
        "armOrientation": "left",
        "coordinate": [
            270.4825134277344,
            -61.149200439453125,
            74.95939636230469,
            -245.0301055908203,
            0,
            0
        ],
        "joint": [
            33.37141036987305,
            -92.22074890136719,
            74.95941162109375,
            -186.18072509765625,
            0,
            0
        ],
        "load": 0,
        "name": "P8",
        "tool": 0,
        "user": 0
    },
    {
        "alias": "c1",
        "armOrientation": "right",
        "coordinate": [
            258.0910339355469,
            177.14231872558594,
            117.47909545898438,
            -113.06571960449219,
            0,
            0
        ],
        "joint": [
            -4.038079738616943,
            77.00410461425781,
            117.47940063476562,
            -186.03179931640625,
            0,
            0
        ],
        "load": 0,
        "name": "P9",
        "tool": 0,
        "user": 0
    },
    {
        "alias": "c2",
        "armOrientation": "right",
        "coordinate": [
            258.0912170410156,
            222,
            117.479248046875,
            -113.06668853759766,
            0,
            0
        ],
        "load": 0,
        "name": "P10",
        "tool": 0,
        "user": 0
    },
    {
        "alias": "c3",
        "armOrientation": "right",
        "coordinate": [
            258.0910339355469,
            267,
            117.47940063476562,
            -113.06602478027344,
            0,
            0
        ],
        "load": 0,
        "name": "P11",
        "tool": 0,
        "user": 0
    },
    {
        "alias": "c4",
        "armOrientation": "right",
        "coordinate": [
            258.5780944824219,
            305.11138916015625,
            119.87200164794922,
            -130.47560119628906,
            0,
            0
        ],
        "joint": [
            48.76485061645508,
            1.9085724353790283,
            119.87197875976562,
            -181.14898681640625,
            0,
            0
        ],
        "load": 0,
        "name": "P12",
        "tool": 0,
        "user": 0
    },
    {
        "alias": "ng",
        "armOrientation": "right",
        "coordinate": [
            139.11639404296875,
            201.5991973876953,
            157.4477996826172,
            -73.52140045166016,
            0,
            0
        ],
        "joint": [
            3.1514556407928467,
            104.48075103759766,
            157.44781494140625,
            -181.153564453125,
            0,
            0
        ],
        "load": 0,
        "name": "P13",
        "tool": 0,
        "user": 0
    }
]
